{"images0.png": [[[0.28674379384454823, -0.8053798569208614, 0.5187882831731728], [0.9568746720304621, 0.2671004387199703, -0.11422879524093288], [-0.04657100727094965, 0.5291697664282534, 0.8472369795871973]], [427.7632753895027, 72.86016023540043, 204.8756134057445]], "images1.png": [[[0.3021723345362143, -0.7870977185314932, 0.537744420448462], [0.950523102468354, 0.2914523467490573, -0.10752377062027843], [-0.07209515874779115, 0.5436292036461852, 0.8362234013875393]], [467.76859431184903, 59.26411105031913, 201.81376224170506]], "images10.png": [[[0.4349308982783703, -0.5075262047468999, 0.743809293581344], [0.8473149533971719, 0.5102584909522659, -0.14728761713282176], [-0.3047826823694521, 0.6943006725521187, 0.6519617263469977]], [416.4505258615474, -79.8095750078418, 150.99754991103885]], "images11.png": [[[0.5499884233107274, -0.6617448837105205, 0.5095158909269953], [0.8345952040821148, 0.45815477799477516, -0.3058513441587122], [-0.031041577719454382, 0.593454217512613, 0.8042689302523004]], [424.3081818501049, -31.444276024225513, 191.5662828328919]], "images12.png": [[[0.3046883014262358, -0.64086790277771, 0.704594472135068], [0.9283319894137547, 0.3652503032970243, -0.06922379195430148], [-0.21299003827666665, 0.6751892676359212, 0.70622566964404]], [413.92546049706806, 66.44312976623686, 158.71926560530483]], "images13.png": [[[0.439426965971033, -0.7322033102712028, 0.5203674221215097], [0.8960267834953728, 0.31629745643671225, -0.3115957674786398], [0.06356056038479367, 0.6031867301918693, 0.7950634085933098]], [467.6551366015983, 72.48242917639293, 175.06483602014197]], "images2.png": [[[0.054737942356507516, -0.8098355318124604, 0.5840977393216013], [0.9636448870935489, 0.19605736048140088, 0.18152146699365196], [-0.2615191947927286, 0.5529266884633942, 0.7911256461143625]], [456.42324890807294, 113.09420317658271, 189.64637470496885]], "images3.png": [[[0.19874500504885598, -0.9144587838441364, 0.35251319921165136], [0.9778421860162436, 0.20916203156761026, -0.008712278547201469], [-0.06576535725672149, 0.3464337991605513, 0.9357662852358396]], [524.9267884116508, 81.54119133783891, 246.26963455171446]], "images4.png": [[[0.13859776710645563, -0.9121853697197818, 0.38562742410556083], [0.9329438138355354, 0.25090308557289126, 0.25819272235291235], [-0.3322747344880594, 0.3239837849633646, 0.8857923051718738]], [570.4800387469396, 68.76515384287407, 251.70641815504618]], "images5.png": [[[0.3140352787366436, -0.875402444097224, 0.3674947680952823], [0.9493709449539318, 0.2859736831537823, -0.13005330222927336], [0.008755146262467995, 0.389730180268435, 0.9208874708681056]], [548.6840708731282, 23.987233194829034, 231.59526416004323]], "images6.png": [[[0.34303704904677235, -0.802393259933296, 0.48835503416561643], [0.9014227094173461, 0.4273984034386287, 0.06904856033837714], [-0.26412626133721273, 0.4165281036757656, 0.8699089934701772]], [542.3186533423833, -44.56263447824452, 231.54041263491843]], "images7.png": [[[0.5306173690122206, -0.7539601671819731, 0.38728448717380926], [0.8464535874754499, 0.49521998843484494, -0.19563610940859802], [-0.044289185502671295, 0.43162626120003783, 0.9009646156703306]], [540.0778449834864, -104.23315554847338, 220.7768591615329]], "images8.png": [[[0.4158857273736158, -0.7119705073542044, 0.5658065556572449], [0.8499227279780392, 0.525628189496323, 0.03669281773297643], [-0.3235280795128709, 0.4656318320997976, 0.8237211777671491]], [528.67361395527, -122.99952029950734, 200.37900842691562]], "images9.png": [[[0.593475468677913, -0.6104306114331276, 0.524558230040202], [0.7979469449469749, 0.5314425082856993, -0.28434052373306434], [-0.10520238175688158, 0.5873187626939752, 0.8024893331753994]], [459.5123719258888, -111.89726987144802, 175.41711067339207]]}