{"images0.png": [[[0.4055513767853088, -0.90652496079505, -0.11722020407367419], [0.8669391120213231, 0.42211156388537263, -0.2650252887592525], [0.28973204316267925, 0.005858591108649484, 0.9570898704275379]], [983.5560783248403, -293.9230398680974, 352.0445774654792]], "images1.png": [[[0.45347689859128865, -0.8814480732124327, -0.13193936741593257], [0.8428605933786136, 0.4722453805418989, -0.2580122491012556], [0.2897321566093024, 0.005796101010808524, 0.9570902165624698]], [965.5378642613572, -348.5746130679531, 351.99518620995974]], "images10.png": [[[0.9068148685674371, -0.26316447474839194, -0.32928901192633897], [0.2504095858537839, 0.9647122408916681, -0.08139613987353585], [0.3390897129928276, -0.008645895221359046, 0.9407143110627494]], [312.13154117287746, -524.04325676301, 370.4601610084419]], "images11.png": [[[0.9030394639579099, -0.2542320365732764, -0.3462452860537092], [0.243829872270993, 0.9669844368147175, -0.07408165998703682], [0.3536477342256301, -0.017526281349103535, 0.9352144724816605]], [330.6642374886055, -626.4404299136505, 373.5410320191063]], "images12.png": [[[0.9005111624838524, -0.24841236259414592, -0.3568906616211406], [0.23851662464287315, 0.968446688904753, -0.07225531481068478], [0.3635786930101261, -0.020057638440629723, 0.9313475318747741]], [348.9789381303366, -720.6496906391682, 375.0538070172963]], "images13.png": [[[0.8766158033556328, -0.3147253420415049, -0.3639954565430945], [0.29883016524480005, 0.948963999950529, -0.10083580285621653], [0.37715416694890647, -0.0203785640993169, 0.9259262651411969]], [396.46721071258526, -696.3839084970393, 374.7777316345387]], "images14.png": [[[0.8566267336503076, -0.3726566252555755, -0.3568160294167435], [0.3521633986454822, 0.9277564332263738, -0.12348660357115643], [0.37705646772077517, -0.019875619743856415, 0.925976986695528]], [438.743929483369, -670.4128469392301, 374.52707761853515]], "images15.png": [[[0.8529051561163041, -0.36896811934872276, -0.36934444841433534], [0.3493699863785039, 0.9290915038253281, -0.1213655228533799], [0.38793479772779704, -0.025524584695093406, 0.9213333209474388]], [467.8451906124767, -764.1284535569605, 380.24404541513627]], "images16.png": [[[0.8532022116602592, -0.36166216466207796, -0.3758277060967994], [0.34356542031077064, 0.9318423137393848, -0.11675917219436391], [0.392439534176573, -0.029502219861727227, 0.9193045366136864]], [483.5776340984522, -832.7012122260586, 384.7453201252846]], "images2.png": [[[0.5617380843057415, -0.8106656259232575, -0.16514105360863102], [0.7749229652468936, 0.58548069836633, -0.23813179076602958], [0.2897321566093024, 0.005796101010808524, 0.9570902165624698]], [910.4837974291502, -474.11695056900254, 351.99518620995974]], "images3.png": [[[0.6398931079209652, -0.7448090395563334, -0.18919911477176748], [0.7117528277862831, 0.6672525007883036, -0.21950401438238973], [0.2897321566093024, 0.005796101010808524, 0.9570902165624698]], [855.7535949766383, -566.9686171935934, 351.99518620995974]], "images4.png": [[[0.6855511009521282, -0.6990634330825065, -0.20329782219744683], [0.6678884378471059, 0.7150361681341527, -0.20651467950288688], [0.2897321566093024, 0.005796101010808524, 0.9570902165624698]], [816.3955860987512, -622.3068979180065, 351.99518620995974]], "images5.png": [[[0.6871233113952072, -0.6961642671488281, -0.20788667124762938], [0.6648163659909159, 0.7178727582648936, -0.20658630751283164], [0.29305418346769574, 0.0037438063903282607, 0.956088505037998]], [790.1533443053507, -590.7894743627135, 357.1510447536712]], "images6.png": [[[0.7052014754103245, -0.6712045581719602, -0.22841917644603582], [0.6401137184277266, 0.7412624489185573, -0.20195150235611598], [0.30486932702344893, -0.0037977509722064177, 0.9523866182007297]], [711.8051750566739, -541.8514157903521, 365.7137085519333]], "images7.png": [[[0.7132168660302467, -0.6555858825426709, -0.24805010102948993], [0.6226771805445753, 0.7550775876794689, -0.2052582895115621], [0.3218615087876323, -0.008061463570674492, 0.9467524396409271]], [625.3523632417175, -467.7335562648134, 370.4020881908621]], "images8.png": [[[0.7128425504346768, -0.649898789604749, -0.26360398623705883], [0.6147916195089256, 0.7599318044331734, -0.2110329765523239], [0.3374711289449482, -0.011628236376309931, 0.9412640550065633]], [514.519829280943, -350.5167846551662, 371.678044908693]], "images9.png": [[[0.8253371796340112, -0.4776891310369768, -0.30105088274727493], [0.45220300815901227, 0.8784841770827742, -0.15420113497358393], [0.33812864316072944, -0.008868184951782328, 0.9410581150863877]], [424.118423021594, -438.26381823754724, 370.5968177704918]]}