{"images0.png": [[[0.36285679627037254, 0.9315081750385771, -0.02504925621053619], [-0.9308251033314349, 0.3610714138579229, -0.05649832831743118], [-0.04358408434767302, 0.043817278908442746, 0.9980884097416594]], [402.7319783877959, 250.25698913328372, 368.70808718873695]], "images1.png": [[[0.3502437476345796, 0.9358185179824176, -0.03966129907197466], [-0.935319159783921, 0.34716553716957793, -0.06822139798376281], [-0.05007381135868832, 0.06099009102264143, 0.9968815487373937]], [446.1691113609189, 263.42159070614923, 382.83125126019706]], "images10.png": [[[0.35372937457198367, 0.934327081709925, 0.04368562633554407], [-0.8106828344472412, 0.32954555314351364, -0.4839349856498521], [-0.46654996677472843, 0.1357668324251223, 0.8740128693078546]], [575.0183849639766, 218.32673082209251, 377.35672559281636]], "images11.png": [[[0.3196666761992901, 0.9472585886738256, 0.022679998046094357], [-0.8247370194016603, 0.28994489755172864, -0.4855314667580084], [-0.46649980166787164, 0.13650319618012757, 0.8739249467067789]], [583.9366101086331, 193.99444056519386, 377.6064196249773]], "images12.png": [[[0.2833624636848483, 0.9590117319067885, 0.0014873599414014227], [-0.8379232482426286, 0.24833781585710218, -0.4860174474952997], [-0.46646580177862473, 0.1364728078426845, 0.8739478408295078]], [591.7686149000065, 168.34219396277237, 377.6284210403271]], "images13.png": [[[0.15311199851594245, 0.9855692306235762, -0.07218038208895032], [-0.8711867605063104, 0.10014222070428903, -0.48062996572304423], [-0.46646580177862473, 0.1364728078426845, 0.8739478408295078]], [610.4448468814829, 76.72207482018885, 377.6284210403271]], "images14.png": [[[0.04497818054079781, 0.9904075847739251, -0.13065136546366451], [-0.8833560326551457, -0.021647188963109677, -0.4682024335495878], [-0.4665394761936017, 0.13647056544279457, 0.8739088636240759]], [615.268690803179, 1.1692187897981583, 377.61219647037694]], "images15.png": [[[-0.13382236712291173, 0.9656981418265995, -0.22252791494613394], [-0.8743650651828905, -0.22074775321349754, -0.43215293848233], [-0.4664518269289341, 0.1367389056700618, 0.8739137055973054]], [602.9578377395202, -122.88704246070455, 377.7102239796029]], "images16.png": [[[-0.2865271557841611, 0.9114248269713117, -0.2953082690656556], [-0.8368274159240217, -0.38816447829872897, -0.38606762846035175], [-0.46649980166787164, 0.13650319618012757, 0.8739249467067789]], [571.6725011634664, -227.6101030465716, 377.6064196249773]], "images17.png": [[[-0.42341929859729177, 0.833039168437489, -0.3560362922854272], [-0.7765887807613202, -0.5361348679406244, -0.3308614044791802], [-0.46650397980191305, 0.1364006863152319, 0.8739387218802646]], [525.1754200039418, -320.6466948883689, 377.55110943209576]], "images18.png": [[[-0.4221861791075039, 0.8325886283341996, -0.358545682081353], [-0.775528923256912, -0.536528290819166, -0.3327044970279769], [-0.46937588280884346, 0.13759930639084123, 0.8722113915319946]], [585.8860626960142, -359.42653528697804, 388.3546506998838]], "images19.png": [[[-0.422194651368608, 0.8315058306879133, -0.3610397898954389], [-0.7753072119569097, -0.5375955878010633, -0.3314961705124705], [-0.4697343967002449, 0.13996084276980003, 0.8716424490855319]], [632.9812981274112, -390.61240077910134, 397.0239603227847]], "images2.png": [[[0.38749896328308286, 0.9199599440300148, 0.05931487869690247], [-0.8016080738226818, 0.36802523798612063, -0.4711495730524961], [-0.45526810720368516, 0.13502268544785925, 0.8800567169095538]], [448.39263332078906, 248.7678593522572, 387.75877326247945]], "images20.png": [[[-0.541221077070631, 0.7353587021483416, -0.40783247162188085], [-0.6970670577062347, -0.6636145001936519, -0.2715019561504165], [-0.47029486792360237, 0.13734399989601462, 0.8717564814197167]], [563.3502439976307, -486.20515348720846, 396.75514519223844]], "images21.png": [[[-0.617085444216706, 0.6549828369294523, -0.4361227325693044], [-0.6308426857503244, -0.7430666905632, -0.22335934995153156], [-0.47036481625562465, 0.13729303224599518, 0.8717267707977725]], [504.35409540176096, -547.2472629783321, 396.77463659796626]], "images22.png": [[[-0.6971205716634103, 0.5473931121062032, -0.4630158629921506], [-0.5406098977792205, -0.825524961034052, -0.16201690384915787], [-0.4709180894665451, 0.13736564173188345, 0.8714165671392567]], [425.0251350991804, -611.0415419315084, 396.72575877886914]], "images23.png": [[[-0.748728051815875, 0.46014439954094427, -0.4771513763944397], [-0.4665216580579977, -0.8771532431922553, -0.11384081219020176], [-0.4709180894665451, 0.13736564173188345, 0.8714165671392567]], [360.340926460158, -651.2853047243943, 396.72575877886914]], "images24.png": [[[-0.8566352011559708, 0.4601461907718644, -0.23332727071350368], [-0.4792863840413001, -0.877152187879322, 0.029809417490682277], [-0.1909468360907949, 0.13736638022697398, 0.971941244813828]], [370.89363375402894, -645.0681227838056, 401.0764668286246]], "images25.png": [[[-0.8602408755115563, 0.45615526263165823, -0.22783329974469146], [-0.4740530560033484, -0.880053852242035, 0.027909088982631697], [-0.18777469529464733, 0.13201361114444693, 0.9733000926125536]], [355.1954555699516, -620.0136157008023, 393.9447928710291]], "images26.png": [[[-0.8614695959119433, 0.4504528682439354, -0.23444050164194186], [-0.46922792841243977, -0.8826219589197721, 0.02834834793060123], [-0.19415274017402848, 0.13442727075796743, 0.9717170485071671]], [328.2869763595311, -568.434985605626, 387.85343894873205]], "images27.png": [[[-0.8621703445866629, 0.4466113984322646, -0.23916637662031837], [-0.46594524108755186, -0.884362271750037, 0.028256054448155488], [-0.19889024416290066, 0.1357999672146163, 0.9705673802891436]], [291.5170585717241, -495.99418106406745, 377.3990819300632]], "images28.png": [[[-0.8604829743275091, 0.44966750897818336, -0.23951655947311679], [-0.46837812731219053, -0.8831856497578227, 0.024597518520740658], [-0.20047688332575656, 0.13335006348408024, 0.9705806405553237]], [253.66412139332675, -416.30745335602705, 365.71364799300346]], "images29.png": [[[-0.8055550364697763, 0.5415050532512092, -0.2405272552572408], [-0.5575712666803264, -0.8301276964199834, -0.0015133436318794935], [-0.2004878195568828, 0.1328920048003521, 0.9706412052192456]], [296.61842895461365, -386.65708294106463, 365.59788125817204]], "images3.png": [[[0.39156536051127566, 0.9182516745846755, 0.05907986602992768], [-0.7984218155475082, 0.3709788710139763, -0.47423336208982236], [-0.45738296088233943, 0.1385227034952571, 0.8784146445220897]], [474.7268107250874, 260.36346398402327, 392.22261947675185]], "images30.png": [[[-0.686593300495081, 0.6876353319575671, -0.23610864016142571], [-0.6989534429992275, -0.7136866915982759, -0.045993377295356574], [-0.20013426551891791, 0.13345020224456, 0.9706375839035335]], [363.8611507643874, -324.1801742151816, 365.7233865236033]], "images31.png": [[[-0.5242005178989723, 0.8223784071215925, -0.22115056530472904], [-0.8277439778093537, -0.5530685301307949, -0.09463143335757646], [-0.20013426551891791, 0.13345020224456, 0.9706375839035335]], [423.91327000057237, -240.38565245702932, 365.7233865236033]], "images32.png": [[[-0.5158586477237144, 0.8291670029817361, -0.2153414422143266], [-0.83242822077568, -0.544544076607327, -0.10264017677356962], [-0.20236875456674694, 0.12630847080920413, 0.9711297840026039]], [387.1656525781654, -210.9077915286184, 354.92059106324473]], "images33.png": [[[-0.2955464110130399, 0.9375208999358362, -0.18359433847700962], [-0.9335917318756156, -0.3242002813694321, -0.15264552313602014], [-0.20262970441373954, 0.12628831990125072, 0.9710779902488368]], [427.2191658540054, -109.082429121436, 354.92877442464476]], "images34.png": [[[0.08417829440588483, 0.9902295761098997, -0.11117284447258], [-0.975606907541237, 0.05920239735471344, -0.2113911968490616], [-0.20274411633569148, 0.12625554540162937, 0.9710583713385088]], [436.48561771154334, 62.743149522674834, 354.8938227435549]],